<?xml version="1.0" encoding="utf-8"?>
<!DOCTYPE install PUBLIC "-//Joomla! 2.5//DTD template 1.0//EN" "https://www.joomla.org/xml/dtd/2.5/template-install.dtd">
<extension version="1.0" type="template" client="site">
    <name>countrywidedist</name>
    <version>1.0</version>
    <creationDate>7/15/2017</creationDate>
    <author>Henry Tran</author>
    <authorEmail>kienan91@gmail.com</authorEmail>
    <description>This template build by Team Joomlavi</description>
    <files>
        <filename>component.php</filename>
        <filename>error.php</filename>
        <filename>favicon.ico</filename>
        <filename>index.php</filename>
        <filename>templateDetails.xml</filename>
        <filename>template_preview.png</filename>
        <filename>template_thumbnail.png</filename>
        <folder>css</folder>
        <folder>html</folder>
        <folder>images</folder>
        <folder>js</folder>
        <folder>less</folder>
        <folder>vendor</folder>
    </files>
    <positions>
        <position>top</position>
        <position>menu</position>
        <position>banner</position>
        <position>insidebanner</position>
        <position>insidepagebanner</position>
        <position>content_bottom</position>
        <position>footer_first</position>
        <position>footer_second</position>
        <position>footer_third</position>
        <position>footer_four</position>
    </positions>
</extension>